-- phpMyAdmin SQL Dump
-- version 4.7.9
-- https://www.phpmyadmin.net/
--
-- Servidor: 127.0.0.1
-- Tiempo de generación: 20-04-2018 a las 00:11:54
-- Versión del servidor: 10.1.31-MariaDB
-- Versión de PHP: 7.2.3

SET SQL_MODE = "NO_AUTO_VALUE_ON_ZERO";
SET AUTOCOMMIT = 0;
START TRANSACTION;
SET time_zone = "+00:00";


/*!40101 SET @OLD_CHARACTER_SET_CLIENT=@@CHARACTER_SET_CLIENT */;
/*!40101 SET @OLD_CHARACTER_SET_RESULTS=@@CHARACTER_SET_RESULTS */;
/*!40101 SET @OLD_COLLATION_CONNECTION=@@COLLATION_CONNECTION */;
/*!40101 SET NAMES utf8mb4 */;

--
-- Base de datos: `addinnovations`
--

-- --------------------------------------------------------

--
-- Estructura de tabla para la tabla `diapositivas`
--

CREATE TABLE `diapositivas` (
  `id` int(11) NOT NULL,
  `descripcion` text COLLATE utf8_spanish_ci NOT NULL
) ENGINE=InnoDB DEFAULT CHARSET=utf8 COLLATE=utf8_spanish_ci;

--
-- Volcado de datos para la tabla `diapositivas`
--

INSERT INTO `diapositivas` (`id`, `descripcion`) VALUES
(1, 'Diapositiva 1'),
(2, 'Diapositiva 2'),
(3, 'Diapositiva 3'),
(4, 'Diapositiva 4'),
(5, 'Diapositiva 5'),
(6, 'Diapositiva 6'),
(7, 'Diapositiva 7'),
(8, 'Diapositiva 8'),
(9, 'Diapositiva 9'),
(10, 'Diapositiva 10'),
(11, 'Diapositiva 11'),
(12, 'Diapositiva 12'),
(13, 'Diapositiva 13'),
(14, 'Diapositiva 14'),
(15, 'Diapositiva 15'),
(16, 'Diapositiva 16'),
(17, 'Diapositiva 17'),
(18, 'Diapositiva 18'),
(19, 'Diapositiva 20'),
(20, 'Diapositiva 21'),
(21, 'Diapositiva 21'),
(22, 'Diapositiva 22'),
(23, 'Diapositiva 23'),
(24, 'Diapositiva 24');

-- --------------------------------------------------------

--
-- Estructura de tabla para la tabla `quiero`
--

CREATE TABLE `quiero` (
  `id` int(11) NOT NULL,
  `id_usuario` int(11) NOT NULL,
  `token` bigint(20) NOT NULL,
  `hora` time NOT NULL,
  `fecha` date NOT NULL
) ENGINE=InnoDB DEFAULT CHARSET=utf8 COLLATE=utf8_spanish_ci;

-- --------------------------------------------------------

--
-- Estructura de tabla para la tabla `sesiones`
--

CREATE TABLE `sesiones` (
  `id` int(11) NOT NULL,
  `token` bigint(20) NOT NULL,
  `tiempo_i` time NOT NULL,
  `tiempo_f` time NOT NULL,
  `id_usuario` int(11) NOT NULL
) ENGINE=InnoDB DEFAULT CHARSET=utf8 COLLATE=utf8_spanish_ci COMMENT='tabla que almacena las sesiones';

--
-- Volcado de datos para la tabla `sesiones`
--

INSERT INTO `sesiones` (`id`, `token`, `tiempo_i`, `tiempo_f`, `id_usuario`) VALUES
(4, 1524154154, '11:09:14', '11:09:14', 0),
(5, 1524156201, '11:43:21', '11:43:21', 0),
(6, 1524157791, '12:09:51', '12:09:51', 0),
(7, 1524164522, '14:02:02', '14:02:02', 0),
(8, 1524164621, '14:03:41', '14:03:41', 0),
(9, 1524164866, '14:07:46', '14:07:46', 0),
(10, 1524165407, '14:16:47', '14:16:47', 0),
(11, 1524166344, '14:32:24', '14:32:24', 0),
(12, 1524166719, '14:38:39', '14:38:39', 0);

-- --------------------------------------------------------

--
-- Estructura de tabla para la tabla `usuarios`
--

CREATE TABLE `usuarios` (
  `id` int(11) NOT NULL,
  `nombre` varchar(100) COLLATE utf8_spanish_ci NOT NULL,
  `email` varchar(200) COLLATE utf8_spanish_ci NOT NULL,
  `ip` varchar(100) COLLATE utf8_spanish_ci NOT NULL,
  `empresa` varchar(150) COLLATE utf8_spanish_ci DEFAULT NULL,
  `cargo` varchar(100) COLLATE utf8_spanish_ci DEFAULT NULL,
  `telefono` int(11) DEFAULT NULL,
  `direccion` text COLLATE utf8_spanish_ci
) ENGINE=InnoDB DEFAULT CHARSET=utf8 COLLATE=utf8_spanish_ci;

--
-- Volcado de datos para la tabla `usuarios`
--

INSERT INTO `usuarios` (`id`, `nombre`, `email`, `ip`, `empresa`, `cargo`, `telefono`, `direccion`) VALUES
(13, 'arnaldo', 'arnaldo.castilla@hotmail.com', '190.67.204.103', NULL, NULL, NULL, NULL),
(14, 'aldo', 'al2@al2.com', '190.67.204.103', 'addinnovations', 'desarrollador', 6765877, 'centro edificio concacasa'),
(15, 'arnaldo', 'arnaldo@gmail.com', '190.67.204.103', 'addinnovatios', 'desarrollador', 6765877, 'cra 58a \"6 - 88'),
(16, 'asda', 'asda@asj.com', 'null', 'aasjd', 'hih', 56412, 'knas'),
(17, 'demo', 'demo123@hotmail.com', 'null', 'nada', 'nada', 123, 'lalalala'),
(18, 'prueba', 'prueba@pru.com', 'null', 'prueba', 'prueba', 11111, 'prueba'),
(19, 'prueba', 'prueba@pru.com', 'null', 'prueba', 'prueba', 11111, 'prueba'),
(20, 'arnaldo', 'arnaldo@gk.com', 'null', 'nada', 'nada', 1231241, 'nada');

-- --------------------------------------------------------

--
-- Estructura de tabla para la tabla `usuarios_diapo`
--

CREATE TABLE `usuarios_diapo` (
  `id` int(11) NOT NULL,
  `token` bigint(20) NOT NULL,
  `id_diapo` int(11) NOT NULL,
  `tiempo` varchar(100) COLLATE utf8_spanish_ci NOT NULL,
  `fecha` date NOT NULL,
  `hora` time NOT NULL,
  `ip` varchar(100) COLLATE utf8_spanish_ci NOT NULL,
  `id_usuario` int(11) NOT NULL
) ENGINE=InnoDB DEFAULT CHARSET=utf8 COLLATE=utf8_spanish_ci;

--
-- Volcado de datos para la tabla `usuarios_diapo`
--

INSERT INTO `usuarios_diapo` (`id`, `token`, `id_diapo`, `tiempo`, `fecha`, `hora`, `ip`, `id_usuario`) VALUES
(2, 11524154154, 1, '0:0:6', '2018-04-19', '11:09:21', '\"190.67.204.103\"', 13),
(3, 11524154154, 2, '0:0:1', '2018-04-19', '11:09:22', '\"190.67.204.103\"', 13),
(4, 11524154154, 3, '0:0:1', '2018-04-19', '11:09:23', '\"190.67.204.103\"', 13),
(5, 11524154154, 4, '0:0:1', '2018-04-19', '11:09:24', '\"190.67.204.103\"', 13),
(6, 11524154154, 5, '0:0:32', '2018-04-19', '11:09:58', '\"190.67.204.103\"', 13),
(7, 11524154154, 6, '0:0:1', '2018-04-19', '11:09:58', '\"190.67.204.103\"', 13),
(8, 11524154154, 7, '0:0:1', '2018-04-19', '11:09:59', '\"190.67.204.103\"', 13),
(9, 11524154154, 8, '0:0:1', '2018-04-19', '11:10:00', '\"190.67.204.103\"', 13),
(10, 11524154154, 9, '0:0:0', '2018-04-19', '11:10:01', '\"190.67.204.103\"', 13),
(11, 11524154154, 10, '0:0:1', '2018-04-19', '11:10:01', '\"190.67.204.103\"', 13),
(12, 11524154154, 11, '0:0:1', '2018-04-19', '11:10:02', '\"190.67.204.103\"', 13),
(13, 11524154154, 12, '0:0:1', '2018-04-19', '11:10:03', '\"190.67.204.103\"', 13),
(14, 11524154154, 13, '0:0:1', '2018-04-19', '11:10:04', '\"190.67.204.103\"', 13),
(15, 11524154154, 14, '0:0:1', '2018-04-19', '11:10:05', '\"190.67.204.103\"', 13),
(16, 11524154154, 15, '0:0:0', '2018-04-19', '11:10:06', '\"190.67.204.103\"', 13),
(17, 11524154154, 16, '0:0:1', '2018-04-19', '11:10:06', '\"190.67.204.103\"', 13),
(18, 11524154154, 17, '0:0:1', '2018-04-19', '11:10:07', '\"190.67.204.103\"', 13),
(19, 11524154154, 18, '0:0:1', '2018-04-19', '11:10:08', '\"190.67.204.103\"', 13),
(20, 11524154154, 19, '0:0:1', '2018-04-19', '11:10:09', '\"190.67.204.103\"', 13),
(21, 11524154154, 20, '0:0:0', '2018-04-19', '11:10:10', '\"190.67.204.103\"', 13),
(22, 11524154154, 21, '0:1:28', '2018-04-19', '11:11:37', '\"190.67.204.103\"', 13),
(23, 11524154154, 20, '0:0:1', '2018-04-19', '11:11:38', '\"190.67.204.103\"', 13),
(24, 11524154154, 21, '0:5:2', '2018-04-19', '11:24:55', '\"190.67.204.103\"', 13),
(25, 11524154154, 20, '0:0:1', '2018-04-19', '11:24:56', '\"190.67.204.103\"', 13),
(26, 11524154154, 1, '0:0:0', '2018-04-19', '11:39:47', '\"190.67.204.103\"', 13),
(27, 11524154154, 1, '0:0:0', '2018-04-19', '11:40:21', '\"190.67.204.103\"', 13),
(28, 11524156201, 1, '0:0:0', '2018-04-19', '11:43:21', '\"190.67.204.103\"', 14),
(29, 11524156201, 1, '0:0:0', '2018-04-19', '11:46:24', '\"190.67.204.103\"', 14),
(30, 11524156201, 2, '0:0:1', '2018-04-19', '11:46:25', '\"190.67.204.103\"', 14),
(31, 11524156201, 3, '0:0:1', '2018-04-19', '11:46:26', '\"190.67.204.103\"', 14),
(32, 11524156201, 4, '0:0:1', '2018-04-19', '11:46:27', '\"190.67.204.103\"', 14),
(33, 11524156201, 5, '0:0:0', '2018-04-19', '11:46:28', '\"190.67.204.103\"', 14),
(34, 11524156201, 6, '0:0:1', '2018-04-19', '11:46:29', '\"190.67.204.103\"', 14),
(35, 11524156201, 7, '0:0:1', '2018-04-19', '11:46:29', '\"190.67.204.103\"', 14),
(36, 11524156201, 1, '0:0:0', '2018-04-19', '11:47:05', '\"190.67.204.103\"', 14),
(37, 11524156201, 1, '0:0:0', '2018-04-19', '11:49:15', '\"190.67.204.103\"', 14),
(38, 11524156201, 1, '0:0:0', '2018-04-19', '11:50:17', '\"190.67.204.103\"', 14),
(39, 11524156201, 1, '0:0:0', '2018-04-19', '11:52:09', '\"190.67.204.103\"', 14),
(40, 11524156201, 2, '0:0:1', '2018-04-19', '11:52:10', '\"190.67.204.103\"', 14),
(41, 11524156201, 3, '0:0:1', '2018-04-19', '11:52:11', '\"190.67.204.103\"', 14),
(42, 11524156201, 4, '0:0:0', '2018-04-19', '11:52:12', '\"190.67.204.103\"', 14),
(43, 11524156201, 5, '0:0:2', '2018-04-19', '11:52:14', '\"190.67.204.103\"', 14),
(44, 11524156201, 6, '0:0:1', '2018-04-19', '11:52:14', '\"190.67.204.103\"', 14),
(45, 11524156201, 5, '0:0:9', '2018-04-19', '11:52:23', '\"190.67.204.103\"', 14),
(46, 11524156201, 1, '0:0:0', '2018-04-19', '11:55:18', '\"190.67.204.103\"', 14),
(47, 11524156201, 1, '0:0:0', '2018-04-19', '11:55:57', '\"190.67.204.103\"', 14),
(48, 11524156201, 1, '0:0:0', '2018-04-19', '11:56:20', '\"190.67.204.103\"', 14),
(49, 11524156201, 1, '0:0:2', '2018-04-19', '11:58:47', '\"190.67.204.103\"', 14),
(50, 11524156201, 1, '0:0:5', '2018-04-19', '12:06:19', '\"190.67.204.103\"', 14),
(51, 11524157791, 1, '0:0:23', '2018-04-19', '12:10:15', '\"190.67.204.103\"', 15),
(52, 11524157791, 2, '0:0:2', '2018-04-19', '12:10:16', '\"190.67.204.103\"', 15),
(53, 11524157791, 3, '0:0:1', '2018-04-19', '12:10:17', '\"190.67.204.103\"', 15),
(54, 11524157791, 4, '0:0:0', '2018-04-19', '12:10:18', '\"190.67.204.103\"', 15),
(55, 11524157791, 5, '0:0:20', '2018-04-19', '12:10:38', '\"190.67.204.103\"', 15),
(56, 11524157791, 6, '0:0:1', '2018-04-19', '12:10:39', '\"190.67.204.103\"', 15),
(57, 11524157791, 7, '0:0:1', '2018-04-19', '12:10:39', '\"190.67.204.103\"', 15),
(58, 11524157791, 8, '23:59:11', '2018-04-19', '12:10:50', '\"190.67.204.103\"', 15),
(59, 11524157791, 1, '1:21:44', '2018-04-19', '13:33:34', '\"190.67.204.103\"', 15),
(60, 11524157791, 2, '0:0:2', '2018-04-19', '13:33:35', '\"190.67.204.103\"', 15),
(61, 11524157791, 21, '0:0:17', '2018-04-19', '13:33:53', '\"190.67.204.103\"', 15),
(62, 11524157791, 20, '0:0:1', '2018-04-19', '13:33:54', '\"190.67.204.103\"', 15),
(63, 11524157791, 21, '0:0:1', '2018-04-19', '13:33:55', '\"190.67.204.103\"', 15),
(64, 11524157791, 20, '0:0:3', '2018-04-19', '13:33:57', '\"190.67.204.103\"', 15),
(65, 11524164522, 1, '0:0:8', '2018-04-19', '14:02:44', 'null', 0),
(66, 11524164522, 2, '0:0:1', '2018-04-19', '14:02:45', 'null', 0),
(67, 11524164522, 3, '0:0:1', '2018-04-19', '14:02:46', 'null', 0),
(68, 11524164522, 4, '0:0:0', '2018-04-19', '14:02:47', 'null', 0),
(69, 11524164522, 5, '0:0:1', '2018-04-19', '14:02:48', 'null', 0),
(70, 11524164522, 6, '0:0:2', '2018-04-19', '14:02:49', 'null', 0),
(71, 11524164522, 7, '0:0:4', '2018-04-19', '14:02:53', 'null', 0),
(72, 11524164522, 8, '0:0:2', '2018-04-19', '14:02:55', 'null', 0),
(73, 11524164621, 1, '0:0:1', '2018-04-19', '14:04:00', 'null', 16),
(74, 11524164621, 2, '0:0:1', '2018-04-19', '14:04:01', 'null', 16),
(75, 11524164621, 3, '0:0:1', '2018-04-19', '14:04:01', 'null', 16),
(76, 11524164621, 4, '0:0:1', '2018-04-19', '14:04:02', 'null', 16),
(77, 11524164621, 5, '0:0:2', '2018-04-19', '14:04:04', 'null', 16),
(78, 11524164621, 6, '0:0:0', '2018-04-19', '14:04:05', 'null', 16),
(79, 11524164621, 7, '0:0:2', '2018-04-19', '14:04:06', 'null', 16),
(80, 11524164621, 8, '0:0:1', '2018-04-19', '14:04:07', 'null', 16),
(81, 11524164621, 21, '0:1:4', '2018-04-19', '14:07:14', 'null', 0),
(82, 11524164621, 20, '0:0:1', '2018-04-19', '14:07:14', 'null', 0),
(83, 11524164621, 19, '0:0:2', '2018-04-19', '14:07:17', 'null', 0),
(84, 11524164866, 1, '0:0:32', '2018-04-19', '14:08:27', 'null', 17),
(85, 11524164866, 2, '0:0:1', '2018-04-19', '14:08:28', 'null', 17),
(86, 11524164866, 3, '0:0:1', '2018-04-19', '14:08:28', 'null', 17),
(87, 11524164866, 4, '0:0:0', '2018-04-19', '14:08:29', 'null', 17),
(88, 11524164866, 5, '0:0:12', '2018-04-19', '14:08:46', 'null', 17),
(89, 11524164866, 6, '0:0:1', '2018-04-19', '14:08:48', 'null', 17),
(90, 11524164866, 7, '0:0:1', '2018-04-19', '14:08:48', 'null', 17),
(91, 11524164866, 8, '0:0:1', '2018-04-19', '14:08:49', 'null', 17),
(92, 11524164866, 9, '0:0:0', '2018-04-19', '14:08:50', 'null', 17),
(93, 11524164866, 10, '0:0:2', '2018-04-19', '14:08:59', 'null', 17),
(94, 11524164866, 11, '0:0:1', '2018-04-19', '14:09:00', 'null', 17),
(95, 11524164866, 12, '0:0:1', '2018-04-19', '14:09:01', 'null', 17),
(96, 11524164866, 13, '0:0:46', '2018-04-19', '14:10:11', 'null', 17),
(97, 11524164866, 14, '0:0:1', '2018-04-19', '14:10:12', 'null', 17),
(98, 11524164866, 15, '0:0:1', '2018-04-19', '14:10:13', 'null', 17),
(99, 11524164866, 16, '0:0:1', '2018-04-19', '14:10:13', 'null', 17),
(100, 11524164866, 17, '0:0:1', '2018-04-19', '14:10:15', 'null', 17),
(101, 11524164866, 1, '0:0:27', '2018-04-19', '14:11:05', 'null', 17),
(102, 11524164866, 2, '0:0:0', '2018-04-19', '14:11:06', 'null', 17),
(103, 11524164866, 3, '0:0:1', '2018-04-19', '14:11:07', 'null', 17),
(104, 11524164866, 4, '0:0:1', '2018-04-19', '14:11:07', 'null', 17),
(105, 11524164866, 5, '0:0:1', '2018-04-19', '14:11:08', 'null', 17),
(106, 11524164866, 6, '0:0:1', '2018-04-19', '14:11:09', 'null', 17),
(107, 11524164866, 7, '0:0:0', '2018-04-19', '14:11:10', 'null', 17),
(108, 11524164866, 8, '0:0:1', '2018-04-19', '14:11:11', 'null', 17),
(109, 11524164866, 9, '0:0:3', '2018-04-19', '14:11:13', 'null', 17),
(110, 11524164866, 10, '0:0:1', '2018-04-19', '14:11:14', 'null', 17),
(111, 11524164866, 11, '0:0:1', '2018-04-19', '14:11:16', 'null', 17),
(112, 11524164866, 12, '0:0:1', '2018-04-19', '14:11:16', 'null', 17),
(113, 11524164866, 13, '0:0:3', '2018-04-19', '14:11:19', 'null', 17),
(114, 11524164866, 14, '0:0:0', '2018-04-19', '14:11:20', 'null', 17),
(115, 11524164866, 15, '0:0:1', '2018-04-19', '14:11:21', 'null', 17),
(116, 11524164866, 16, '0:0:1', '2018-04-19', '14:11:21', 'null', 17),
(117, 11524164866, 17, '0:0:1', '2018-04-19', '14:11:22', 'null', 17),
(118, 11524164866, 18, '0:0:0', '2018-04-19', '14:11:23', 'null', 17),
(119, 11524164866, 19, '0:0:1', '2018-04-19', '14:11:24', 'null', 17),
(120, 11524164866, 20, '0:0:1', '2018-04-19', '14:11:24', 'null', 17),
(121, 11524165407, 1, '0:0:0', '2018-04-19', '14:16:47', 'null', 0),
(122, 11524166344, 1, '0:0:56', '2018-04-19', '14:33:21', 'null', 19),
(123, 11524166344, 2, '0:0:1', '2018-04-19', '14:33:21', 'null', 19),
(124, 11524166344, 3, '0:0:1', '2018-04-19', '14:33:22', 'null', 19),
(125, 11524166344, 4, '23:59:1', '2018-04-19', '14:33:23', 'null', 19),
(126, 11524166344, 5, '0:0:0', '2018-04-19', '14:33:24', 'null', 19),
(127, 11524166344, 6, '0:1:1', '2018-04-19', '14:33:25', 'null', 19),
(128, 11524166344, 1, '0:0:0', '2018-04-19', '14:33:58', 'null', 0),
(129, 11524166719, 1, '0:0:30', '2018-04-19', '14:39:10', 'null', 20),
(130, 11524166719, 2, '0:0:1', '2018-04-19', '14:39:11', 'null', 20),
(131, 11524166719, 3, '0:0:1', '2018-04-19', '14:39:12', 'null', 20),
(132, 11524166719, 4, '0:0:0', '2018-04-19', '14:39:12', 'null', 20),
(133, 11524166719, 5, '0:0:1', '2018-04-19', '14:39:13', 'null', 20),
(134, 11524166719, 6, '0:0:1', '2018-04-19', '14:39:14', 'null', 20),
(135, 11524166719, 7, '0:0:1', '2018-04-19', '14:39:15', 'null', 20),
(136, 11524166719, 6, '0:0:1', '2018-04-19', '14:39:16', 'null', 20),
(137, 11524166719, 5, '0:0:3', '2018-04-19', '14:39:19', 'null', 20),
(138, 11524166719, 6, '0:0:1', '2018-04-19', '14:39:20', 'null', 20),
(139, 11524166719, 5, '0:0:1', '2018-04-19', '14:39:21', 'null', 20),
(140, 11524166719, 6, '0:0:1', '2018-04-19', '14:39:22', 'null', 20),
(141, 11524166719, 5, '0:0:1', '2018-04-19', '14:39:23', 'null', 20),
(142, 11524166719, 4, '0:0:0', '2018-04-19', '14:39:23', 'null', 20),
(143, 11524166719, 5, '0:0:2', '2018-04-19', '14:39:25', 'null', 20),
(144, 11524166719, 6, '0:0:1', '2018-04-19', '14:39:26', 'null', 20),
(145, 11524166719, 5, '0:0:1', '2018-04-19', '14:39:27', 'null', 20),
(146, 11524166719, 6, '0:0:1', '2018-04-19', '14:39:28', 'null', 20),
(147, 11524166719, 7, '0:0:1', '2018-04-19', '14:39:29', 'null', 20),
(148, 11524166719, 8, '0:0:1', '2018-04-19', '14:39:30', 'null', 20),
(149, 11524166719, 9, '0:0:2', '2018-04-19', '14:39:32', 'null', 20),
(150, 11524166719, 21, '0:0:20', '2018-04-19', '14:40:08', 'null', 20),
(151, 11524166719, 20, '0:0:2', '2018-04-19', '14:40:10', 'null', 20),
(152, 11524166719, 19, '0:0:1', '2018-04-19', '14:40:11', 'null', 20),
(153, 11524166719, 18, '0:0:1', '2018-04-19', '14:40:18', 'null', 20),
(154, 11524166719, 17, '0:0:1', '2018-04-19', '14:40:19', 'null', 20),
(155, 11524166719, 16, '0:0:2', '2018-04-19', '14:40:32', 'null', 20),
(156, 11524166719, 15, '0:0:0', '2018-04-19', '14:40:33', 'null', 20),
(157, 11524166719, 14, '0:0:1', '2018-04-19', '14:40:33', 'null', 20),
(158, 11524166719, 13, '0:0:1', '2018-04-19', '14:40:34', 'null', 20),
(159, 11524166719, 12, '0:0:1', '2018-04-19', '14:40:35', 'null', 20),
(160, 11524166719, 11, '0:0:0', '2018-04-19', '14:40:36', 'null', 20),
(161, 11524166719, 10, '0:0:1', '2018-04-19', '14:40:36', 'null', 20),
(162, 11524166719, 9, '0:0:3', '2018-04-19', '14:40:39', 'null', 20),
(163, 11524166719, 5, '0:0:4', '2018-04-19', '14:40:44', 'null', 20),
(164, 11524166719, 4, '0:0:1', '2018-04-19', '14:40:44', 'null', 20),
(165, 11524166719, 5, '0:0:1', '2018-04-19', '14:40:46', 'null', 20),
(166, 11524166719, 6, '0:0:1', '2018-04-19', '14:40:47', 'null', 20),
(167, 11524166719, 5, '0:0:2', '2018-04-19', '14:40:49', 'null', 20),
(168, 11524166719, 4, '0:0:1', '2018-04-19', '14:40:50', 'null', 20),
(169, 11524166719, 5, '0:0:1', '2018-04-19', '14:40:50', 'null', 20),
(170, 11524166719, 6, '0:0:1', '2018-04-19', '14:40:51', 'null', 20),
(171, 11524166719, 5, '0:0:3', '2018-04-19', '14:41:40', 'null', 20),
(172, 11524166719, 6, '0:0:1', '2018-04-19', '14:41:41', 'null', 20),
(173, 11524166719, 7, '0:0:1', '2018-04-19', '14:41:42', 'null', 20),
(174, 11524166719, 8, '0:0:0', '2018-04-19', '14:41:43', 'null', 20),
(175, 11524166719, 9, '0:0:14', '2018-04-19', '14:42:43', 'null', 20),
(176, 11524166719, 10, '0:0:1', '2018-04-19', '14:42:44', 'null', 20),
(177, 11524166719, 11, '23:59:1', '2018-04-19', '14:42:45', 'null', 20),
(178, 11524166719, 12, '0:1:1', '2018-04-19', '14:42:46', 'null', 20),
(179, 11524166719, 13, '0:0:0', '2018-04-19', '14:42:47', 'null', 20),
(180, 11524166719, 14, '0:0:1', '2018-04-19', '14:42:47', 'null', 20),
(181, 11524166719, 13, '0:0:1', '2018-04-19', '14:42:48', 'null', 20),
(182, 11524166719, 12, '0:0:1', '2018-04-19', '14:42:49', 'null', 20),
(183, 11524166719, 11, '0:0:1', '2018-04-19', '14:42:50', 'null', 20),
(184, 11524166719, 1, '0:0:0', '2018-04-19', '14:49:20', '\"190.67.204.103\"', 20),
(185, 11524166719, 2, '0:0:1', '2018-04-19', '14:49:21', '\"190.67.204.103\"', 20),
(186, 11524166719, 3, '0:0:2', '2018-04-19', '14:49:22', '\"190.67.204.103\"', 20),
(187, 11524166719, 4, '0:0:1', '2018-04-19', '14:49:24', '\"190.67.204.103\"', 20),
(188, 11524166719, 5, '0:0:1', '2018-04-19', '14:49:25', '\"190.67.204.103\"', 20),
(189, 11524166719, 4, '0:0:1', '2018-04-19', '14:49:26', '\"190.67.204.103\"', 20),
(190, 11524166719, 5, '0:0:2', '2018-04-19', '14:49:28', '\"190.67.204.103\"', 20),
(191, 11524166719, 6, '0:0:1', '2018-04-19', '14:49:29', '\"190.67.204.103\"', 20),
(192, 11524166719, 7, '0:0:0', '2018-04-19', '14:49:29', '\"190.67.204.103\"', 20),
(193, 11524166719, 8, '0:0:1', '2018-04-19', '14:49:30', '\"190.67.204.103\"', 20),
(194, 11524166719, 9, '0:0:1', '2018-04-19', '14:49:31', '\"190.67.204.103\"', 20),
(195, 11524166719, 10, '0:0:1', '2018-04-19', '14:49:32', '\"190.67.204.103\"', 20),
(196, 11524166719, 11, '0:0:1', '2018-04-19', '14:49:33', '\"190.67.204.103\"', 20),
(197, 11524166719, 12, '0:0:0', '2018-04-19', '14:49:33', '\"190.67.204.103\"', 20),
(198, 11524166719, 13, '0:0:1', '2018-04-19', '14:49:34', '\"190.67.204.103\"', 20),
(199, 11524166719, 14, '0:0:1', '2018-04-19', '14:49:35', '\"190.67.204.103\"', 20),
(200, 11524166719, 15, '0:0:1', '2018-04-19', '14:49:36', '\"190.67.204.103\"', 20),
(201, 11524166719, 16, '0:0:1', '2018-04-19', '14:49:37', '\"190.67.204.103\"', 20),
(202, 11524166719, 17, '0:0:1', '2018-04-19', '14:49:37', '\"190.67.204.103\"', 20),
(203, 11524166719, 18, '0:0:0', '2018-04-19', '14:49:38', '\"190.67.204.103\"', 20),
(204, 11524166719, 19, '0:0:1', '2018-04-19', '14:49:39', '\"190.67.204.103\"', 20),
(205, 11524166719, 1, '0:0:0', '2018-04-19', '14:50:20', '\"190.67.204.103\"', 20),
(206, 11524166719, 20, '0:0:24', '2018-04-19', '14:50:46', '\"190.67.204.103\"', 20),
(207, 11524166719, 19, '0:0:1', '2018-04-19', '14:50:47', '\"190.67.204.103\"', 20),
(208, 11524166719, 18, '0:0:1', '2018-04-19', '14:50:48', '\"190.67.204.103\"', 20),
(209, 11524166719, 17, '0:0:0', '2018-04-19', '14:50:49', '\"190.67.204.103\"', 20),
(210, 11524166719, 16, '0:0:1', '2018-04-19', '14:50:49', '\"190.67.204.103\"', 20),
(211, 11524166719, 15, '0:0:7', '2018-04-19', '14:58:18', '\"190.67.204.103\"', 20),
(212, 11524166719, 16, '0:0:1', '2018-04-19', '14:58:18', '\"190.67.204.103\"', 20),
(213, 11524166719, 17, '0:0:0', '2018-04-19', '14:58:19', '\"190.67.204.103\"', 20),
(214, 11524166719, 18, '0:0:1', '2018-04-19', '14:58:20', '\"190.67.204.103\"', 20),
(215, 11524166719, 19, '0:0:1', '2018-04-19', '14:58:21', '\"190.67.204.103\"', 20),
(216, 11524166719, 1, '0:0:0', '2018-04-19', '15:17:17', '\"190.67.204.103\"', 20),
(217, 11524166719, 20, '0:0:4', '2018-04-19', '15:18:34', '\"190.67.204.103\"', 20),
(218, 11524166719, 19, '0:0:0', '2018-04-19', '15:18:35', '\"190.67.204.103\"', 20),
(219, 11524166719, 18, '0:0:1', '2018-04-19', '15:18:36', '\"190.67.204.103\"', 20),
(220, 11524166719, 17, '0:0:1', '2018-04-19', '15:18:37', '\"190.67.204.103\"', 20),
(221, 11524166719, 16, '0:0:1', '2018-04-19', '15:18:37', '\"190.67.204.103\"', 20),
(222, 11524166719, 15, '0:0:1', '2018-04-19', '15:18:38', '\"190.67.204.103\"', 20),
(223, 11524166719, 14, '0:0:0', '2018-04-19', '15:18:39', '\"190.67.204.103\"', 20),
(224, 11524166719, 13, '0:0:0', '2018-04-19', '15:18:40', '\"190.67.204.103\"', 20),
(225, 11524166719, 12, '0:0:1', '2018-04-19', '15:18:41', '\"190.67.204.103\"', 20),
(226, 11524166719, 11, '0:0:1', '2018-04-19', '15:18:41', '\"190.67.204.103\"', 20),
(227, 11524166719, 10, '0:0:1', '2018-04-19', '15:18:42', '\"190.67.204.103\"', 20),
(228, 11524166719, 9, '0:0:0', '2018-04-19', '15:18:43', '\"190.67.204.103\"', 20),
(229, 11524166719, 8, '0:0:1', '2018-04-19', '15:18:44', '\"190.67.204.103\"', 20),
(230, 11524166719, 7, '0:0:1', '2018-04-19', '15:18:44', '\"190.67.204.103\"', 20),
(231, 11524166719, 6, '0:0:0', '2018-04-19', '15:18:45', '\"190.67.204.103\"', 20),
(232, 11524166719, 5, '0:0:1', '2018-04-19', '15:18:46', '\"190.67.204.103\"', 20),
(233, 11524166719, 2, '0:0:1', '2018-04-19', '15:18:47', '\"190.67.204.103\"', 20),
(234, 11524166719, 3, '0:0:1', '2018-04-19', '15:18:47', '\"190.67.204.103\"', 20),
(235, 11524166719, 2, '0:0:0', '2018-04-19', '15:18:48', '\"190.67.204.103\"', 20),
(236, 11524166719, 1, '0:0:2', '2018-04-19', '15:18:50', '\"190.67.204.103\"', 20),
(237, 11524166719, 2, '0:0:1', '2018-04-19', '15:18:50', '\"190.67.204.103\"', 20),
(238, 11524166719, 3, '0:0:0', '2018-04-19', '15:18:51', '\"190.67.204.103\"', 20),
(239, 11524166719, 4, '0:0:1', '2018-04-19', '15:18:52', '\"190.67.204.103\"', 20),
(240, 11524166719, 5, '0:0:1', '2018-04-19', '15:18:53', '\"190.67.204.103\"', 20),
(241, 11524166719, 2, '0:0:1', '2018-04-19', '15:18:54', '\"190.67.204.103\"', 20),
(242, 11524166719, 3, '0:0:1', '2018-04-19', '15:18:54', '\"190.67.204.103\"', 20),
(243, 11524166719, 4, '0:0:3', '2018-04-19', '15:20:27', '\"190.67.204.103\"', 20),
(244, 11524166719, 5, '0:0:0', '2018-04-19', '15:20:28', '\"190.67.204.103\"', 20),
(245, 11524166719, 6, '0:0:1', '2018-04-19', '15:20:29', '\"190.67.204.103\"', 20),
(246, 11524166719, 7, '0:0:1', '2018-04-19', '15:20:30', '\"190.67.204.103\"', 20),
(247, 11524166719, 8, '0:0:1', '2018-04-19', '15:20:31', '\"190.67.204.103\"', 20),
(248, 11524166719, 9, '0:0:1', '2018-04-19', '15:20:32', '\"190.67.204.103\"', 20),
(249, 11524166719, 10, '0:0:1', '2018-04-19', '15:20:33', '\"190.67.204.103\"', 20),
(250, 11524166719, 11, '0:0:1', '2018-04-19', '15:20:34', '\"190.67.204.103\"', 20),
(251, 11524166719, 12, '0:0:3', '2018-04-19', '15:20:37', '\"190.67.204.103\"', 20),
(252, 11524166719, 13, '0:0:1', '2018-04-19', '15:20:38', '\"190.67.204.103\"', 20),
(253, 11524166719, 14, '0:0:1', '2018-04-19', '15:20:39', '\"190.67.204.103\"', 20),
(254, 11524166719, 13, '0:0:1', '2018-04-19', '15:20:40', '\"190.67.204.103\"', 20),
(255, 11524166719, 14, '0:0:9', '2018-04-19', '15:29:40', '\"190.67.204.103\"', 20),
(256, 11524166719, 15, '0:0:1', '2018-04-19', '15:29:41', '\"190.67.204.103\"', 20),
(257, 11524166719, 16, '0:0:1', '2018-04-19', '15:29:42', '\"190.67.204.103\"', 20),
(258, 11524166719, 17, '0:0:1', '2018-04-19', '15:29:43', '\"190.67.204.103\"', 20),
(259, 11524166719, 18, '0:0:1', '2018-04-19', '15:29:44', '\"190.67.204.103\"', 20),
(260, 11524166719, 19, '0:0:0', '2018-04-19', '15:29:45', '\"190.67.204.103\"', 20),
(261, 11524166719, 20, '0:0:54', '2018-04-19', '16:49:39', '\"190.67.204.103\"', 20),
(262, 11524166719, 19, '0:0:1', '2018-04-19', '16:49:39', '\"190.67.204.103\"', 20),
(263, 11524166719, 18, '0:0:1', '2018-04-19', '16:49:40', '\"190.67.204.103\"', 20),
(264, 11524166719, 19, '0:0:24', '2018-04-19', '16:57:00', '\"190.67.204.103\"', 20),
(265, 11524166719, 20, '0:4:0', '2018-04-19', '17:09:34', '\"190.67.204.103\"', 20),
(266, 11524166719, 19, '0:0:1', '2018-04-19', '17:09:35', '\"190.67.204.103\"', 20),
(267, 11524166719, 20, '0:0:1', '2018-04-19', '17:09:36', '\"190.67.204.103\"', 20),
(268, 11524166719, 19, '0:0:1', '2018-04-19', '17:09:37', '\"190.67.204.103\"', 20);

--
-- Índices para tablas volcadas
--

--
-- Indices de la tabla `diapositivas`
--
ALTER TABLE `diapositivas`
  ADD PRIMARY KEY (`id`);

--
-- Indices de la tabla `quiero`
--
ALTER TABLE `quiero`
  ADD PRIMARY KEY (`id`);

--
-- Indices de la tabla `sesiones`
--
ALTER TABLE `sesiones`
  ADD PRIMARY KEY (`id`);

--
-- Indices de la tabla `usuarios`
--
ALTER TABLE `usuarios`
  ADD PRIMARY KEY (`id`);

--
-- Indices de la tabla `usuarios_diapo`
--
ALTER TABLE `usuarios_diapo`
  ADD PRIMARY KEY (`id`),
  ADD KEY `FK_usuarios_diapo_diapositivas` (`id_diapo`);

--
-- AUTO_INCREMENT de las tablas volcadas
--

--
-- AUTO_INCREMENT de la tabla `diapositivas`
--
ALTER TABLE `diapositivas`
  MODIFY `id` int(11) NOT NULL AUTO_INCREMENT, AUTO_INCREMENT=25;

--
-- AUTO_INCREMENT de la tabla `quiero`
--
ALTER TABLE `quiero`
  MODIFY `id` int(11) NOT NULL AUTO_INCREMENT;

--
-- AUTO_INCREMENT de la tabla `sesiones`
--
ALTER TABLE `sesiones`
  MODIFY `id` int(11) NOT NULL AUTO_INCREMENT, AUTO_INCREMENT=13;

--
-- AUTO_INCREMENT de la tabla `usuarios`
--
ALTER TABLE `usuarios`
  MODIFY `id` int(11) NOT NULL AUTO_INCREMENT, AUTO_INCREMENT=21;

--
-- AUTO_INCREMENT de la tabla `usuarios_diapo`
--
ALTER TABLE `usuarios_diapo`
  MODIFY `id` int(11) NOT NULL AUTO_INCREMENT, AUTO_INCREMENT=269;

--
-- Restricciones para tablas volcadas
--

--
-- Filtros para la tabla `usuarios_diapo`
--
ALTER TABLE `usuarios_diapo`
  ADD CONSTRAINT `FK_usuarios_diapo_diapositivas` FOREIGN KEY (`id_diapo`) REFERENCES `diapositivas` (`id`) ON DELETE CASCADE ON UPDATE CASCADE;
COMMIT;

/*!40101 SET CHARACTER_SET_CLIENT=@OLD_CHARACTER_SET_CLIENT */;
/*!40101 SET CHARACTER_SET_RESULTS=@OLD_CHARACTER_SET_RESULTS */;
/*!40101 SET COLLATION_CONNECTION=@OLD_COLLATION_CONNECTION */;
